{
  "reward": -2.625346529117087,
  "gains": [
    2.2442893981933594,
    2.8548617362976074,
    4.887500286102295,
    2.306830883026123,
    2.785508155822754,
    2.6136069297790527,
    4.887500286102295,
    4.887500286102295,
    2.1385045051574707,
    0.17375002801418304,
    0.17375002801418304,
    0.3313875198364258
  ],
  "timestamp": 1761375271.0439737,
  "pos_rmse": 0.0012612681603059173,
  "att_rmse": 0.0017683133482933044,
  "force_mean": 13.110676765441895,
  "final_error": 0.0004897432518191636,
  "loss": 2.625346529117087,
  "is_best": true
}