{
  "reward": -2.6339009750809055,
  "gains": [
    2.4040424823760986,
    2.304722547531128,
    4.887500286102295,
    2.312406063079834,
    2.484793186187744,
    4.534114837646484,
    4.887500286102295,
    4.887500286102295,
    3.8939461708068848,
    0.17375002801418304,
    0.17375002801418304,
    1.0843654870986938
  ],
  "timestamp": 1761360651.5598838,
  "pos_rmse": 0.0045930505730211735,
  "att_rmse": 0.009803786873817444,
  "force_mean": 13.109441757202148,
  "final_error": 0.0004759160219691694,
  "loss": 2.6339009750809055,
  "is_best": true
}