{
  "reward": -2.6431300357915464,
  "gains": [
    0.9597433805465698,
    3.036010980606079,
    2.023458242416382,
    4.192618370056152,
    3.6982059478759766,
    4.887500286102295,
    4.238224029541016,
    3.921189785003662,
    0.9019191265106201,
    1.0633995532989502,
    0.17375002801418304,
    0.17375002801418304
  ],
  "timestamp": 1761311466.41091,
  "pos_rmse": 0.007804604712873697,
  "att_rmse": 0.0161002054810524,
  "force_mean": 13.113051414489746,
  "final_error": 0.0011493107303977013,
  "loss": 2.6431300357915464,
  "is_best": true
}