{
  "reward": -1.8880490600131454,
  "gains": [
    2.616166114807129,
    3.6978180408477783,
    3.987975597381592,
    2.9274399280548096,
    2.4210426807403564,
    2.492661237716675,
    2.315643310546875,
    1.5345942974090576,
    1.8527557849884033,
    0.30234917998313904,
    0.4160245954990387,
    0.15371666848659515
  ],
  "timestamp": 1761234181.975771,
  "pos_rmse": 0.013431825675070286,
  "att_rmse": 0.034469377249479294,
  "force_mean": 9.220458030700684,
  "final_error": 0.006562667898833752,
  "loss": 1.8880490600131454,
  "is_best": true
}