{
  "reward": -1517.401857995987,
  "gains": [
    -0.6146891713142395,
    0.16631735861301422,
    -0.949999988079071,
    0.7920615673065186,
    0.8065703511238098,
    0.86501145362854,
    0.46364110708236694,
    -0.7450595498085022,
    -0.45377814769744873,
    0.05446185544133186,
    -0.28425970673561096,
    -0.949999988079071
  ],
  "timestamp": 1761225083.3379638,
  "pos_rmse": 224.86444091796875,
  "att_rmse": 2.0212161540985107,
  "force_mean": 11.17635440826416,
  "final_error": 859.3929443359375,
  "loss": 1517.401857995987
}