{
  "reward": -7.867815589904786,
  "gains": [
    2.102350950241089,
    2.9375,
    1.8762919902801514,
    3.9075000286102295,
    3.9075000286102295,
    0.6388763189315796,
    0.3810387849807739,
    0.9800000190734863,
    0.2200000137090683,
    0.44550660252571106,
    0.48875001072883606,
    0.223438560962677
  ],
  "timestamp": 1761230027.6192646,
  "pos_rmse": 1.0432846546173096,
  "att_rmse": 0.5457394123077393,
  "force_mean": 15.687312126159668,
  "final_error": 2.2397499084472656,
  "loss": 7.867815589904786,
  "is_best": true
}