{
  "reward": -3.9917424559593204,
  "gains": [
    1.2129944562911987,
    0.8311150670051575,
    3.037076234817505,
    0.41750001907348633,
    0.41750001907348633,
    2.166489601135254,
    1.0829063653945923,
    1.0538318157196045,
    0.3436155915260315,
    0.48875001072883606,
    0.48875001072883606,
    0.3245050013065338
  ],
  "timestamp": 1761273272.1616523,
  "pos_rmse": 0.29984721541404724,
  "att_rmse": 0.4977153539657593,
  "force_mean": 14.809163093566895,
  "final_error": 0.28762227296829224,
  "loss": 3.9917424559593204,
  "is_best": true
}