{
  "reward": -2.631900684704306,
  "gains": [
    11.67094898223877,
    10.498462677001953,
    19.650001525878906,
    10.773637771606445,
    10.299905776977539,
    17.722427368164062,
    19.650001525878906,
    19.650001525878906,
    18.056903839111328,
    3.075000047683716,
    3.075000047683716,
    3.075000047683716
  ],
  "timestamp": 1761377211.7107477,
  "pos_rmse": 0.0028165201656520367,
  "att_rmse": 0.009276789613068104,
  "force_mean": 13.112485885620117,
  "final_error": 0.00035200739512220025,
  "loss": 2.631900684704306,
  "is_best": true
}